text,label
ููุฆุฉ ุนููุงุก ุงููุณูููู ูู ุงูุนุฑุงู ุชูุนู ุงูุดูุฎ ุงููุญุฏุซ ( ูุญูุฏ ุงุณุฑุงุฆูู ุงููุฏูู ) ุฑุญูู ุงููู ุงุญุฏ ูุจุงุฑ ุนููุงุก ุงูุญุฏูุซ ูู ุงูููุฏ ุ ุงูุฐู ุชููู ููู ุงูุซูุงุซุงุก : (29 ุดูุงู 1440 ู =2 / 7 / 2019 ู ) ุนู ุนูุฑ ูุงูุฒ (87) ุนุงูุง ูุถุงูุง ูู ุฎุฏูุฉ ุงูุนูู ู ุงูุณูุฉ ุงููุจููุฉ .,"['acceptance', 'sadness']"
ุงุดูุฆุฒ ูู ูู ุงูุซู ุชุตู ููุณูุง ุจ ูู ูุฎุฑ ุงููุง ุนููุฏุฉ ูุฏูุงุบูุง ูุงุดูุฉ ู ูุญุฏุด ููุฏุฑ ุนูููุง ! ูุง ุจูุช ุงูุฃูุฑููู ุฏู ูุด ููุถุน ูุฎุฑ ุฏู ุนุงุฑ ุนูููู ูุงูุฑุฃุฉ ุ ุงูุช ูุฏุฉ ุนุงูุฒุฉ ูุณุฑ ุฏูุงุบู ูุชุฑุจูุฉ ูู ุงูุฃูู .,"['anger', 'disgust']"
ุนูู ุจ ุงุญุท ูุฌ ูุนูุงุน ูุฌุจูู ุงููุงุนุฒ ูุน ุงูุทูุงุทู ุงููุฌููู ูุงูุชูุณุช ุงููุญูุต ุงูุดูู,['acceptance']
ุนุฏูุงู ุทุงุญ ูู ุงููุฏุฑุณุฉ ู ูุทุน ูุณุงูู ูุทุน ุตุบูุฑ ูุณููู ุซูุงุซู ุบุฑุฒ ูู ูุณุงูู ุ ุงูุญูุฏ ู ุงููู ุงูููุฏ ุทูุจ ุงูุงู .,"['acceptance', 'sadness']"
ุงูุง ู ููุจููู ุจูููุง silent .,['neutral']
# ูุงุช _ ูููู _ ุฌููุจูู ุงูุณุช ุงูุฃุฎุจุงุฑ ูู ุตูุจูู ู ุงูู ุงูุฌููุจ ุฏุงุฑูู ุนูุจ ุงูุจุทุง ุณุนุฏ ุงุจู ูู ุฒุงุฑูุง,['acceptance']
"ุงูุซูุฉ ุจุงูููุณ ููุณุช ุงูุฅุนุชูุงุฏ ุจุฃู ุงูุฌููุน ุณูุนุฌุจ ุจู , ุจู ูู ุงุนุชูุงุฏู ุจุฃู ุงุนุฌุงุจ ุงููุงุณ ุงู ุนุฏูู ูู ูุคุซุฑ ุนูู ุดุฎุตูุชู .","['anticipation', 'disgust']"
ุงุญูุงูุง ุณูุก ุงุฎุชูุงุฑ ุงููุณุชุดุงุฑ ุงู ุงููุบุฑุฏ ุงููุญุณูุจ ุนูู ุงุญุฏ ุงุทุฑุงู ุงูุฃุฒูุฉ ุจุฏูู ุงูุญุตุงุฑ ุ ููุถุญ ุญูููุฉ ุงูุฑูุฒ ุ ูุนูููุชู ุ ูููููุฉ ุงุฎุชูุงุฑู ู ู ุฑุฌุงู .,['acceptance']
ูููููู .. ุ . ุงูุนูุฑ ูุฑุฉ ุ ู ุงูุง ูุฑุงุกุฉ ..,['neutral']
ู ุงูุญุจ ุฏุง ุนูุฑ ู ุบูุฑู ููู ููุฏุฑ ูุณุนุฏูู ุจุฃููุงุชู . ุตุจุญ ุงูู ุจ ูุญุจ ูู ุงูุงููุง ุทูุจ ู ููุงู ุนูู ูุงูุงุชู,"['love', 'sadness']"
ุงูู ูู ุงูุทูุงุจ ู ุงูุทุงูุจุงุช ุชุนููู ุงูุฏุฑุงุณุฉ ูุง ูุนูู ุชููู ุงูุชุนููู ููุฎุฏูุชูู ููุณุงุนุฏุชูู ูู ููู ููุฑุฑ ุงูููุฒูุงุก ูููุฑุญูุฉ ุงูุซุงูููุฉ ุงูุง ูุชูุงุฌุฏ ุนูู ููุตุฉ ูุฎุฏูุชูู โค๏ธ - ุญูู ุชุทุจูู ( ููู ุงูุงุฏููู ) - ุงุฏุฎู ุจ ุฑูู ุฌูุงูู - ุงุจุญุซ ุนู ( ุนูู ุงูุณุจูุนู ) ู ุจุณ โ๐ป # ุชุนููู _ ุงูุฏุฑุงุณุฉ # ุงูุชุนููู _ ุนู _ ุจุนุฏ,['anticipation']
ููู ุนูููู ูุด ูุฌุฃุฉ ุจููุชุณูุง ูุถุญูุงุช ุนูููู ุซุงุจุชูู ูุง ุจูููุตูุง ??,"['love', 'acceptance']"
ูุฐุง ููุทู ??,['neutral']
ุฑุฃูุช ุงูุซูุจ ูู ุณูููุชู ููุฐ ุงูููู ุงูุฃูู ู ูููู ุบุงูุฑุช ุจ ุงูุฅุจุญุงุฑ ูุนู ุธูุง ููู ุงู ุงูุญุจ ูุตูุน ุงููุนุฌุฒุงุช .,"['love', 'sadness']"
ุญุงููุช ุงูุง ุชุบูุฑูู ูุฐู ุงูุญูุงุฉ ูุง ุงููู ููููุง ุบูุฑุชูู ..,['sadness']
ูู ุดู ู ุงูุช ุจ ูุต ุญููู ูุงุชููู ุงุฎุชู ุชุจูู ุงุชููุจ ุณุงุนุชูุง ูู ุงููุญู !!,['disgust']
ูุฑูู ุจูุฏูุน ุฒูุฌุชู ูุงููุง ุงูุชู ุญูุงูู ูุงูุช ูู ูุง ุงูุง ุบุฒุงูู ูุงููุง ุงููุฑูู ุงูููู ุญููุงูู,['joy']
- ูุง ูููุฏ ูู : ู ูุง ุงูุชู ุจุฃููุงู ุงูุจุดุฑ ู ูุง ุชุนุฌุจูู ุงุฌูุงุก ุงููุฌุงููุฉ .. ุงู ุงุญุจุจุชู ุ ุณุฃุฎุจุฑู ู ุงู ูุฑูุชู ุ ูุง ุงุฑุงู ',['acceptance']
ููุชุฑุญ ููููุถุงูุงุช : ุงุญุฏ ุงูุญููู ุงููุฌุฑุจุฉ ูู ูุญุงุฑุจุฉ ุงูููุถุงูุงุช ูู ุฎุฒุงูุงุช ุงูุจูููุณุชุฑ . ุงูููุฑุฉ ูู ูุญุงุฑุจุฉ ุงูููุงู ุจุงูููุงู . ูุชู ููุคูุง ุจุงููุงุก ูุตุฏ ุงูููุถุงู ุ ู ูููู ุงุณุชุฎุฏุงููุง ูุชุทููู ู ุญูุงูุฉ ุงูููุงุฒู ู ุงููุฒุงุฑุน ุนูู ุงูุชุฏุงุฏุงุช ุทูููุฉ . ุงุชููู ุงู ุชุดุฌุน ุงูุฏููุฉ ูุตุงูุน ุงูุจูุงุณุชูู ุนูู ุงูุชุงุฌูุง ูู # ุงูุณูุฏุงู ูุงูููุชูุง .,['anticipation']
ุนุฌุจุง ู ูุซูุฑ ูู ุงูุจุดุฑ ุงุฐุง ุชุนูู ุงูุฃูุฑ ุจุฐููุจูู ุงูุฏูุง ุงู ( ุงููู ุบููุฑ ุฑุญูู ) ! ู ุงุฐุง ุชุนูู ุงูุฃูุฑ ุจุฐููุจ ุงูุงุฎุฑูู ุงูุฏูุง ุงู ( ุงููู ุดุฏูุฏ ุงูุนูุงุจ ) ! # ูุฑูุจ _ ูููู _ ุชููุชุฑ,['surprise']
ุงููู ูุตุจุฑูู ุนูู ููู ุงูุงุฑุจุนุงุก ุงูุบุซูุซ ุงู ุงูุฎููุณ ุงูู,"['acceptance', 'anger']"
ุงุดุนุฑ ุจูุฑุงุฑุฉ ุทุนู ูู ุงููููุงุช ุงูุชู ุจุฏูุง ูู ุงู ุงููููุง ููุช ุจุงุจุชูุงุนูุง .,['sadness']
ูู ูู ูุฑุฒููู ูู ุงูุณูุงูุงุช ู ุงูุฃุฑุถ ูู ุงููู ู ุงูุง ุงู ุงูุงูู ูุนูู ูุฏู ุงู ูู ุถูุงู ูุจูู,['anticipation']
ูุง ูุฐุฉ ุงูุนูุด ุงูุง ุงู ูููู ูุนุง ููุณู ุงูุฃูุงูู ูุงูุฃุดูุงุก ูุงูุฒููุง ุงู ููุดุฏูุง ุนูู : ูู ุงู ุงูุฏูุงุฑ ุชุฑู ุ ูุถุนุช ููู ุนูู ุตุฏุฑู ู ููุช : ููุง ุงู ูุจุตุฑูู ุจุฃุฌูุงูู ูุฃูุฑุฏุชู ููุณุฃููุง ุนูู : ูู ูุฐุง ุ ุงุฌุจุช : ุงูุง,['love']
# lhly # lahly ุนููุง ูููู ุงููู ู ููู ุงุนุฐุฑููู ุงููุณูู ูุตุฑู ๐๐๐,['acceptance']
ุงุนุชูุฏ ูุฐุง e ery otel arrogeat ุงูู ุชุทูุน ูู ุจ ููุฑู ุณุชุฑูุช ุณุชูุดู,['neutral']
ููุด ุงูุณูุฏ # ุนูู ุนูุฏู ุตูุงุญูุฉ ูุทูุจ ูู # ูุฒูุฑ _ ุงูุฏุงุฎููุฉ !!!,"['surprise', 'disgust']"
ูุงููุงูู ูุง ุงุจู ุงูููุงูู ูุงูููุงููุฉ ุฏูุฑุชู ุงูููู ูุงูุฏูู ุงูุนุฑุจูุฉ ุจูููุณูู ุงููุฐุฑุฉ ูููุถู ุดููุฉ ูุฑุชุฒูุฉ ุ ุจ ุงุณู ุงูุซูุฑุฉ ! ู ุงูุงู ุชููู ุถุฏ ุซูุงุฑ ุงูุณูุฏุงู ูุน ูุธุงู ุงูุจุดูุฑ ุงูุณูุก ! ููุช ุงุนุชูุฏ ุงูู ูุฏ ุชููู ูุฎุชูู ุนู ูุงูุฏูู ุ ููู ูุณุชุญูู ูู ููุณู ุงููููููู ุงููู ุงูู ูู ูุฌุฑ ุงููุถุน ูู ุจูุงุฏูู,"['anger', 'disgust']"
ูู ูููู ุงูุญูุงุฉ ุงู ุชุนุฑู ูุง ุนููู ุชุฌุงููู .,['anticipation']
ุงูุงูุฑ ู ุงููู ูุด ูุณูู ูุทุฑุฏ ูุฑุง ุงูุฑุฒู ููุงุจู ุดู,"['surprise', 'disgust']"
ุฑุจู ุงุฌุนู ูุง ุชุชููุงู ูููุจูุง ุ ุชุฑุงู ุงุนูููุง ู ูู ุจุน ู ุฏ ุญูู,['acceptance']
ูุงูู ุฒูู ุจูุฎุฑุจ ุบูุฑ ุงูุญูููู ๐ # ุชุณูุท _ ุจุณ # ูููุจ 6 ููุงูุฑ # ูุฏู _ ุงูุณูุฏุงู _ ุชูุชูุถ,['disgust']
ุงููู ุญุงุณุฏ ุจูููุฉ ุฐุง ๐ณ๐ฅ,"['fear', 'disgust']"
ุฎุดูุช ุงู ุชููู ุงุญุฏู ุงูุฑุณุงุฆู ูู ุงูููุงูุฉ ุ ู ูุงูุช ุงูููุงูุฉ ุจ ูุง ุฑุณุงูุฉ ..,"['sadness', 'fear']"
ูุฏ ุนุฌุจุช ูู ุตุจุฑู ููุงุฆูุฉ ุงูุณูุงูุงุช # ูุง _ ุญุณูู,['surprise']
ูุทุนู ุงุณุทูุจูู ููุฑ ุจูุฏุงุณู ูู # ุทุฑุงุจุฒูู ูู ุชุฌุฑุจุฉ ุดุฎุตูุฉ โฌ๏ธ ุงุณุนุงุฑ ููุงุณุจุฉ โฌ๏ธ ุฎุฏูุฉ ููุชุงุฒุฉ โฌ๏ธ ุฌูุณุงุช ูุฅุทูุงูุฉ ุงููููุน : staโฆ,['acceptance']
ุงุฌุนููุง ูู ูู ููุช : ุงูููุชุฏู : ุงุณูุงููุงุช ูุงูุงุดูุฏ ูุทููุฉ - slamway ุงุฑุณูุช ุจ ูุงุณุทุฉ : ุนุงุดูุฉ ุงูุฌูุงุฏ ููุช ุงููุดุงุฑูุฉ : 01-23-2010 ูู 03:,['neutral']
ุจุซ ูุจุงุดุฑ | ูุฑุงุณู # ุงูุณุนูุฏูุฉ ุนุจุฏุงููู ุงู ุนุจูุฏ ูู # ูุทุงุฑ _ ุงุจูุง ุงูุฏููู . # ููุงุฉ _ ุงูุณุนูุฏูุฉ,['neutral']
ุงูุฑุฃุฉ ูุงูุช ูุฒูุฌูุง : ุงุฎุงู ุงู ุชุชุฒูุฌ ุนูู ! ูุชุฒูุฌ ุนูููุง .. ูุฃูู ูุง ูุญุจ ุงู ูุฑุงูุง ุฎุงุฆูุฉ .. ! ููุฉ ุงูุญุจ ู ุงูููุงุก,['disgust']
ูุงุถุญ ุงู ูุงุนูุฏูุง ุณุงููู ุจุณ ู ููู ูู ูุนูุง ุงูุทุจูู ุงูุงุฑุณุชูุฑุงุทูู ูุงูุฑูุญูู ุงููุณุชุดูู ุ ุดุฏุนูู ุนุงุฏ ูููู ุชุฌููู ุงู ุฒูู ุงููุตุฑ,['surprise']
ุงุณุชุดูุงุฏ ุงูุดุงุจ # ุนูุงุจ _ ุฏุฑุงูุดู ูู # ููุณุทูู ูุฅุณูู ูุง ( ุนูุงุจ ) ุงูุซุฑ ูู ูุนูู . ู ูุนู ุงุญุฏ ูุฐู ุงููุนุงูู ุณูุฃุชู ุจู ุงููู ุนูุง ูุฑูุจ ... !!!!!! # ุบุฒุฉ _ ุชุญุช _ ุงููุตู # ุงูุชุทุจูุน _ ุฎูุงูุฉ ูุฏุงุนุง ุงููุง ุงููุจุชุณู,['sadness']
ูุงู ุงูุงูุงู ุงูุญุณูู ( ุนููู ุงูุณูุงู ) ูุง ูุฃูู ููู ุงูููุงูุฉ ุงูุง ูู ูุฏ ุฎุงู ุงููู ูู ุงูุฏููุง ุงููุตุฏุฑ : ุจุญุงุฑ ุงูุงููุงุฑ ุฌ 44 ุต 192 ุญ 5 # ุงูุนุฒุงุก _ ุนููุงู _ ุงูููุงุก # ุนุงุดูุฑุงุก,['anticipation']
ูู ุนุงู ู ุงูุฅูุงุฑุงุช ุดุนุจุง ูููุงุฏุฉ ุจุฃูู ุฎูุฑ # ุงูููู _ ุงููุทูู _46_ ููุงูุงุฑุงุช,['acceptance']
ุงุฐุง ุงูุชู ุงุณุนุฏ ุงูุซู ู ุงูู ุจุฌูุจู ุงูุง ุงุณุนุฏ ุฑุฌู .. ู ุงูู ุชุญุจููู,"['love', 'acceptance']"
ู ุงููู ููุณ ุงููุงุฑู ุจุณ ุงูุชู ุญุทูุชูู ุจุณูุงู ุฌุฏุง ูุงุถุญ,['acceptance']
# ุญูุงุชู 48 ููู ูุฑุฌุน ุฑุงูุฏ ุงููู ุงูู ุงูุงูุงู !๐,['sadness']
ูู ูุฐุง ุงูููุจุฑ ุงุนูู ุงูู ุงูุจุฑ ูุนุชูู ูู ูุฐุง ุงูููู ุ ุจ ุณุจุจ ุบูุบู ุชูุจุงุฑ ูุณูุช ูุงูุฑูููุณ ุจ ูู ุงุถุงูุงุชู ... ุงููู ูุณุชุฑ .. :),['sadness']
ู ูู ูุนูู ูู ุงูุตุงูุญุงุช ูู ุฐูุฑ โ ุงู ุงูุซู ู ูู ูุคูู ูุฃููุฆู ูุฏุฎููู ุงูุฌูุฉ ู ูุง ูุธูููู ูููุฑ โ ุง ๏ดฟ 1 2 4 ๏ดพ -- ุงููุณุงุก # uran,['acceptance']
ุงูุง ุงุฐูุฑู ุงูุงู ุงูุทูุจูู ููุง ูุฑูุญ ุฑุญูู ุญู ุญุฏููู ุงูุญููุงู,['acceptance']
ุงุซุฑ ุงูุฌูุงูู ูู ุจุทูู ุงููุฌุงููู ุงุฎูุฑ ูููุง ูู ุจุทูู ุงูุตุญุงุญู ุนูู ุงูุฃูู ุงุฐุง ุงููุฑูุง ูุนูู ุงูุฒูู ูู ุญู ูุง ุชุดุฑู ุนูู ุบูุฑ ุตุงุญู,['acceptance']
ุญููู ุงููููุฏุณูู ุงููุณููุจุฉ ููุฐ ุณููุงุช ูุชุฃูู ุจู ุฎูุฑุง ุจุฅุณุชุฑุฌุงุนูุง ... # ูููุฏุณู _ ุงูููุฑุจุงุก _ ูุฏุนููู _ ุงููุงุธูู,"['acceptance', 'sadness']"
ููู ุงูุง ุงุชููู ูุตุงูู ุตุฏ ุนูู ููู ุฌุงููุชู .. ูููุชู ูุงุฏููุนู ุ,"['love', 'sadness']"
"ุงุนูู ุงููุง ุงูุชุฑููุง ูู ุงููุญุธุฉ ุงูุชู ุตุฑูุง ูุฃุฎุฐ ููุชุง ุงูู ูู ุงูุญุฏูุซ ูู ุงููุญุธุฉ ุงูุชู ุตุฑูุง ูููุฑ ูู ุงููููุงุช ูุจู ุงู ูููููุง ูู ุงููุญุธุฉ ุงูุชู ุตุฑูุง ูุชุณุงุกู ูุงุฐุง ุชุนูู ุงููููุงุช ู ุนู ุงููุตุฏ ูููุง , ูู ุงููุญุธุฉ ุงูุชู ุตุฑูุง ูุฎุชุงุฑ ุงูุตูุช ุญุชู ูุง ูุคุฐู ุจุนุถูุง ุญุชู ูุญุชูุธ ุจุงูุจุงููุงุช ุงูุตุงูุญุงุช ูู ุงูุญุจ .","['sadness', 'disgust']"
ุงูู ูุฑู ูู ุญูุงุชู ุงุฑุจู ุญููุงู ูุงูุช ูุทู ูุจุตุฑุงุญู ููุช ุฌูุจุงูุง ุนูู ุงุณุงุณ ุงูู ูููุฑู ุงู ุนูุฏู ููุจูุง ูููู ุงู ุนุงูุฒู ุงุนุฑู ุงูุง ููู ูุด ูู ุงูุจูุงุช ุงููู ููุง ูุดูููุง ูุทู ููุฒููููุง ุนุดุงู ููุนุจูุง ูุนุงูุง ู ูุง ุญุชู ุจ ุงุฎุงู ูููู ููููุชุด ุนุงุฑูู ุงูุง ุงูู ุนูุงูุชู ุจ ููู ุจ ุงูุธุจุท ูุญุฏ ูุง ุฌุจุช ูุนูุง ูุทู ููุนุฏุช ูุนุงูุง ุงุณุจูุน ูุงุญุฏ ุจุณ,"['acceptance', 'sadness']"
# ูุงูุช _ ุณูุฉ ุนูููุง ุฒุฑู ู ุญููุฉ ูุชูุฑ,['acceptance']
ูู ุงุฑุงุฏุช ุงูุณุนูุฏูุฉ ุงู ูููุฐ ุงุชูุงู ุงูุฑูุงุถ ุจุดููู ุงูุณูุงุณู ูุงูุนุณูุฑู ุฎูุงู 24 ุณุงุนุฉ ุ ูููุฐ ุฎูุงู 24 ุณุงุนุฉ .,['anticipation']
ู ุดููู ุจุณ ุดููู ุงููู ุญุณุจุชู ุนูู ุ,['surprise']
ูุง ุฑุจู ูุด ูุงูุฌูุน ุงููู ุฏุงูู ุงุญุณ ู ูู,['sadness']
ุณุคุงู : ููู ูุถูู ูุทุงุนู ุฌุฏูุฏุฉ ูู ููู ? ุงุดุชุฑูุช ูุฏูุฑุช ูููู ุดูุงู ูุงูู ูุงููุฉ :$,['surprise']
ุจูุฏุฑ ูุงุชุบูุฑ ูุชุชุฌุงูู ูุชุญุงูุฑ ูุชูุตุช ุจุญุจ ู ูุทุฑู ุงูุงุฎุฑ ูุชุดุนุฑู ุจุญุงุฌุชู ุงููู ูุนูุด ุงูุญุจ ููููุถ ุนูู ุงูุงุฎุฑูู,['acceptance']
ู ูู ุจูุบ ุญุฒูู ููุณูุงุก ุงูุง ุฏุงุฆูุง ุจ ุฎูุฑ .,['acceptance']
ุงุนุชูุฏ ุงูุนุงูู ููุจูู ุงูุทู ูู ุงูุฅูุณุงู ุงูุชูุน ุงูู ูุด ุนุถู ูุฌูุฉ ุชุญููู ุงูุฏููุง ููุนุฏ ุณุงูุช .,"['anticipation', 'acceptance']"
ุฌุงูุณ ูุน ุงุตุฏูุงุฆู ูู ููุทูุฉ ุณูููู ุ ุงูุฌู ุฑุงุฆุน,['acceptance']
ุงูุง ุฎููู ูู ุนุชู ุงูููู ู ุงูููู ุญุฑุงูู ูุง ุญุจูุจู ุชุนุง ูุจู ุงูููู ููุง ุนููู ูุง ุชูุงูู ..,"['love', 'fear']"
ุงูู ูุงุชุญู ุงููุงุชุณ ุจ ุฌูุงูู ู ุชููู ููู ูู ุงูุณ ูุญุฏ ูููู ุ ุญุชู ุงูู ุญุณุช ุงูู ูุญูุฏ,['sadness']
ูุชูููู ุฑูุฏุจู ู ูููู ูู ุงูููุงุฆู ุฏู ูุจูู ูุณู ุงูุจุถุงู,['disgust']
ูุง ูุงูุฎุจูุซ ุงููุฎุจุซ ... 99 ุนุงู ุจุณ ุโผ๏ธ ููุชุฑุถ ุงู ููููู ุจู ุงูู ุฌูุฌ ููุฃุฌูุฌ ูู ููุชุตู ุฏูู ุซู ููุฒูููู ๐ก,"['anger', 'disgust']"
forum _ ุนููุง ู ุทูุจุฉ ุงููุฑูุฉ ุงูุงููู ุจุณ ุงููู ุฑุงูุญูู ุชุงููุฉ,['neutral']
ุงูุง ูุงุฒู ุงุฎุฏ ูููู ูู ููุถูุน ุงูุฃูู ุฏู ุงููุดููู ุงู ุงูุฑุจ ูุงุณ ููู ููุง ุชุญุจ ุชุงูู ุชูููู ู ุงูุช ูุนุงูู ูุฏู ุงูุดููู ุชูุงูููุง ุงุชูุชุญุช ูุฑู ูุงุญุฏ ุงูุงูู ูุง ุฎููุง,['sadness']
ุงูุง ุนุงุฏ ูุชู ุงุนุทููุง ูุนูููุงุช ุงูุซุฑ ๐ค๐โโ๏ธ,['surprise']
# ุฏููุซ ุฎุงูุชู ูุฏู ุชุตุจุญ ุนูููู ุจุชูููุชู ูู ุงูููุฏู,['neutral']
ุฑุฌู ุงูุงุนูุงู ุงูุฏูุชูุฑุฎุงูุฏ ุงููุทุงุนูู ูุชุญุฏุซ ูุตุญููุฉ ุงุซูุฑ ุงูุงููุชุฑูููุฉ ุนู ููู ุงููุฑุงููุฏู ู ูููู ุงู ูุดุฑูุน ุงููุฑุงููุฏู ูููุฑ ุงุณุนุงุฑุง ุชูุงูุณูุฉ ูุนูุงุฆุฏ ุงุณุชุซูุงุฑูุฉ 13 % ู ูุชุงุจุนุฉ ุงูุญูุงุฑ,['neutral']
ุงูุชูู ุนุฑุถ ุงูุงุชุตุงูุงุช ู ูุฑุณุงุฆู ุงููุฌุงููู = ูุฑุชุงุญ ูู ุงุฒุนุงุฌ ุงููุณุฌุงุช ุงููู ูุง ู ูุง ุณูุน,['disgust']
ุชุฎูู ูู ูุซุฑ ูุง ูุฏู ุชุนุงูููู ุงูุง ูุงุฑุฏ ูู ุงูุฏููู ูู ุงูุจุงุฑุญ .,"['love', 'acceptance']"
ููุงูุง ูุงุตูุช ูุงุตุฏู .... ุงูุชูู ุงููุดูุงุฑ,['sadness']
ูุง ุงุชุญุณู ุนูู ุดู ุงูููุชู ุจุฑุบุจุชู ุงุจุฏุง .,['acceptance']
ุงุญูู ูููู ุณูุนุชูุง ูุงูููููู \ ุนูุจุงู ุงููุญู .. ุญุจูููู ูุฏู ูู ูุฑุณู ูู ูู :*,['acceptance']
ู ูููุชููุง ุณุงูุญุชู ุจุณ ูุง ููุช ุงุนูููุง,['sadness']
ุจุงูุฃูุณ ูุงููุง ูุนู ู ุงูููู ูุฏ ุฑุญููุง ูุชุฑูููู ูู ุงุฑุถ ุงูุทู ุญูุฑุงูุง ูุฐุฑ ุนูู ู ุฆู ุนุงุฏูุง ู ุงู ุฑุฌุนูุง ูุฃุฐุจุญู ู ูุฌู ุงููู ูุฑุจุงูุง # ูุง _ ุญุณูู,['sadness']
ููู ุงูุชูุงุฑ ุงูููุฑุจุงุฆู ูุชุฑุฏุฏ ุ ููุง ุงูู ููุทุน ููููุง ูุณุช ุงู ู ุซูุงูู ุณุงุนุงุช ุนูู ุงูุฃูู ุ ู ูุง ุฎูุฑ ูู ูุชุฑุฏุฏ ูุง ูุณุชูุฑ,['disgust']
[dcgall] 20022 ูู ุฌูููู ูุง ุฒุงูุช ูู โ ุฑุฃูุชูุง ุงูููู ุงูุงู ูุฑูุฒ ุงููุดุงููุฑ ูู ุงุจููุฌููู ุนูุฏูุง ุฎุฑุฌุช ูู ุณูุงุฑุฉ ุงูุฃุฌุฑุฉ . ูุจุฏู ุงู ุงูุตูุฑ ุณูุชู ุงูุฅูุฑุงุฌ ุนููุง ุงูููู . โ eng : miss _ feuille,['neutral']
ู ุญุงูุง ุจู ุงุฏุงูู ู ูููู ุชูุฌู ุจูุฑูุงูู,['neutral']
ุญุฑุงู ุงูุฃููุงู ุฏู ุชุชุฑูู ูุฏุง ๐๐ ุณุงุนุช ุฒูู ูุฌุงู ๐๐๐๐,"['joy', 'sadness']"
ูุง ุณุงุชุฑ ูุง ุณุงุชุฑ ๐ญ๐ญ ูู,['fear']
ุงูุงุฒูุฑ ูุญุณู ุงูุฌุฏู : ุงูุง ูููุด ูุงูุฏุฉ ููุง,['sadness']
ูุณุง ุงูุฎูุฑ ุนูููู ุฌููุนุง ..... ูุง ุฒุงูุช ุงูุฎุฏูุฉ ูุชูููุฉ ุนูุฏู,['neutral']
ุงุฐูุฑ ุงูู ููุช ุงุญุจู ูุจู ูุง ุงุนุฑูู ูุงุดููู ุ ู ุงุฐูุฑ ุงูู ููุช ุงููุช ุงููููู ูุฑู ู ุงูุช ูุงูู .. ??( โค๏ธ ) .,"['love', 'sadness']"
#_ ุงูุฏูุงู ูููู ุงูุจุฏุฑ : ููู ุดุงููุง ูุชุถุงููุฉ ูู ุงูุบูุฑุฉ ูุงู : ุชุบุงุฑูู ุ ุณูู ูู ุจุบูุชู ุงุจุนุฏู ุโค๏ธ,"['love', 'anticipation']"
ูู ุงูู ุงูุฏููุง ูุง ุงููู ูุซู ุฑุจูุนุงุชู ุงุทูุญ ู ูุณุงุนุฏููู ู ูู ูุถุญููู,"['joy', 'acceptance']"
* ููุณุช ูู ุงูุฑุฃุฉ ูููู ุงุณุชุจุฏุงููุง ุจุฃุฎุฑู .... ุ* * ููุงู ุงูุฑุฃุฉ ูู ุถุงุนุช ููู ููุฑุทุช ุจ ูุง * * ู ูู ุชุฌุฏ ูู ูุดุจููุง * * ุณูู ุชูุถู ุจููุฉ ุญูุงุชู ุชุฌูุน ุจูุงูุง ุตูุฑุชูุง ูู ุงูู ุงูุฑุฃุฉ ุงุฎุฑู * * ูููู ูู ุชุชููู ูู ุฌูุนูุง ูุชุนูุถ ุบูุงุจูุง .. * ๐๐บ๐๐บ ุชุตุจุญูู ุนูู ุฎูุฑ ู ุนูู ูุงูุน ุฌููู ุจ ุงุฐู ุงููู โค๐บ,"['anticipation', 'acceptance']"
"ูู ุนุงู ู ุงูุดุนุจ ุงูุณุนูุฏู ูู ุญุงู ุงุญุณู ุจ ุงุฐู ุงููู ,,",['acceptance']
ุงูุช ุบููุฉ ู ุตุนุจ ุชูุตููุง ุงูุฃูุงุฏู โฅ ๏ธ .,"['acceptance', 'sadness']"
ุงุฌูู ุงุณูู ุจูู ุงูุณุทูุฑ ๐ฅบ . ู ุตุฑุช ูุง ุงุญุจ ูุงูุดู ู ููู ู ุงุญุงูู ุงุบูุฑ ๐คทโโ๏ธ,['disgust']
ููุฎูุงุณุชู ููู ุถุงูุน ููู ุงูุดุงูุง ุชูููุชุฑ ุญุงูุชู ุจููุฑู ูซ ุงุณูุงููู ููุฑูู ุงูุฑุงุฏ ูุณู !,['neutral']
. ููุฉ ุงูุฅุฒุนุงุฌ : ุงูุตูุช ุงูุฐู ุชุฑูุฏู ุงู ูุชููู ! .,['disgust']
ูู ุงุฌู ููุงุตูุฉ ูุดุฑ ุงูุฑุนุจ ุจูู ุงููุฏูููู ูุงูุชุบุทูุฉ ุนูู ูุฒุงุฆูู ุงููุซูุฑุฉ ุ ูุงู ุชูุธูู ุฏุงุนุด ูุณุฑุน ูู ุชุจูู ุงู ุชูุฌูุฑ . # ุงูุฏููุฉ _ ุงูุฅุณูุงููุฉ # ูุงูุนุงูุจุฉ _ ู ููุชููู ',"['fear', 'anger']"
ูุงูุณุฑ ุงูููููู ูู ุฐูู ุงูููุฑ ุงูุฐู ูุฌุนู ุงุจุชุณุงูุชู ุชุฑุชุณู ุนูู ูุฌููู ูููุง ุฑุฃูุชู ุจ ุฌููุน ุญุงูุงุชู ูู ููู ููุงุฏุชู ูููุงููุชุฉุฉ ! ุงุญูุง ู ุงูู ูุดุดุจู ุญุจูุจู ุชูุงูุง,"['love', 'acceptance']"
๏ดฟ ุงููุง ููููู ุงููู ู ุฑุณููู ู ุงูุฐูู ุงูููุง ุงูุฐูู ูููููู ุงูุตูุงุฉ ููุคุชูู ุงูุฒูุงุฉ ููู ุฑุงูุนูู  ู ูู ูุชูู ุงููู ู ุฑุณููู ู ุงูุฐูู ุงูููุง ู ุงู ุญุฒุจ ุงููู ูู ุงูุบุงูุจูู ๏ดพ [ ุงููุงุฆุฏุฉ : 55-56 ],"['anticipation', 'acceptance']"
ุงุฎุชู ุทูุจุช ูู ุฌุฑูุฏุฉ .. ููุช ู ูุง ููุด .. ุชููู .. ูููุงุฌ .. ูุงููุญุณ ูุฎ ุงูุจุทู .. ูุด ูุงููููุงุฌ ูุง ุนุงูู .. ุงุจู ุงุดููู < _<,"['joy', 'surprise']"
